{
  "A fresh verification link has been sent to your email address.": "Tautan verifikasi baru telah dikirim ke alamat surel Anda.",
  "All rights reserved.": "Hak Cipta Dilindungi.",
  "Before proceeding, please check your email for a verification link.": "Sebelum melanjutkan, silahkan periksa surel Anda untuk tautan verifikasi.",
  "click here to request another": "Klik disini untuk meminta lagi",
  "Confirm Password": "Konfirmasi Kata Sandi",
  "E-Mail Address": "Alamat Surel",
  "Forbidden": "Dilarang",
  "Forgot Your Password?": "Lupa Kata Sandi Anda?",
  "Go Home": "Ke Halaman Utama",
  "Hello!": "Halo!",
  "If you did not create an account, no further action is required.": "Jika Anda tidak membuat akun, Anda tidak perlu melakukan apapun.",
  "If you did not receive the email": "Jika Anda tidak menerima surel",
  "If you did not request a password reset, no further action is required.": "Jika Anda tidak meminta pengaturan ulang kata sandi, Anda tidak perlu melakukan apapun.",
  "If you’re having trouble clicking the \":actionText\" button, copy and paste the URL below\ninto your web browser: [:actionURL](:actionURL)": "Jika Anda mengalami kesulitan mengklik tombol \":actionText\", salin dan tempel URL di bawah\nke browser web Anda: [:actionURL](:actionURL)",
  "Invalid signature.": "Signature tidak valid.",
  "Login": "Masuk",
  "Logout": "Keluar",
  "Name": "Nama",
  "Not Found": "Tidak ditemukan",
  "Oh no": "Oh Tidak",
  "Page Expired": "Halaman Kadaluwarsa",
  "Password": "Kata Sandi",
  "Please click the button below to verify your email address.": "Silakan klik tombol di bawah untuk memverifikasi alamat surel Anda.",
  "Please confirm your password before continuing.": "Harap konfirmasi kata sandi Anda sebelum melanjutkan.",
  "Regards": "Salam",
  "Register": "Daftar",
  "Remember Me": "Ingat Saya",
  "Reset Password": "Atur Ulang Kata Sandi",
  "Reset Password Notification": "Pemberitahuan Pengaturan Ulang Kata Sandi",
  "Send Password Reset Link": "Kirim Tautan Pengaturan Ulang Kata Sandi",
  "Server Error": "Terjadi kesalahan server",
  "Service Unavailable": "Layanan Tidak Tersedia",
  "This action is unauthorized.": "Aksi ini tidak diijinkan.",
  "This password reset link will expire in :count minutes.": "Tautan pengaturan ulang kata sandi ini akan kadaluwarsa dalam :count menit.",
  "Toggle navigation": "Alihkan navigasi",
  "Too Many Attempts.": "Terlalu Banyak Percobaan.",
  "Too Many Requests": "Terlalu Banyak Permintaan",
  "Unauthorized": "Tidak Diijinkan",
  "Verify Email Address": "Verifikasi Alamat Surel",
  "Verify Your Email Address": "Verifikasi Alamat Surel Anda",
  "We won't ask for your password again for a few hours.": "Kami tidak akan meminta lagi kata sandi Anda untuk beberapa jam.",
  "You are receiving this email because we received a password reset request for your account.": "Anda menerima surel ini karena kami menerima permintan pengaturan ulang kata sandi untuk akun anda.",
  "Your email address is not verified." : "Alamat surel Anda belum terverifikasi.",
  "Whoops!": "Aduh!"
}
