{
  "A fresh verification link has been sent to your email address.": "Am trimis un nou link de verificare pe adresa dvs. de e-mail",
  "All rights reserved.": "Toate drepturile rezervate.",
  "Before proceeding, please check your email for a verification link.": "Înainte de a continua, vă rugăm să verificați e-mailul pentru link-ul de verificare.",
  "click here to request another": "apăsați aici pentru a solicita altul",
  "Confirm Password": "Confirmare parolă",
  "E-Mail Address": "Adresă de e-mail",
  "Forbidden": "Interzis",
  "Forgot Your Password?": "Ați uitat parola?",
  "Go Home": "Acasă",
  "Hello!": "Bună!",
  "If you did not create an account, no further action is required.": "Dacă nu ați creat un cont, puteți ignora acest mesaj.",
  "If you did not receive the email": "Dacă nu ați primit e-mailul",
  "If you did not request a password reset, no further action is required.": "Dacă nu ați solicitat o resetare de parolă, puteți ignora acest mesaj.",
  "If you’re having trouble clicking the \":actionText\" button, copy and paste the URL below\ninto your web browser: [:actionURL](:actionURL)": "Dacă nu puteți apăsa pe butonul \":actionText\", copiați și alipiți adresa de mai jos în navigatorul dvs: [:actionURL](:actionURL)",
  "Invalid signature.": "Semnătură incorectă.",
  "Login": "Autentificare",
  "Logout": "Deautentificare",
  "Name": "Nume",
  "Not Found": "Negăsit",
  "Oh no": "O, nu",
  "Page Expired": "Pagina a expirat",
  "Password": "Parolă",
  "Please click the button below to verify your email address.": "Vă rugăm să apăsați pe butonul de mai jos pentru a verifica adresa dvs. de e-mail.",
  "Please confirm your password before continuing.": "Vă rugam să confirmați parola înainte de a continua.",
  "Regards": "Toate cele bune",
  "Register": "Înregistrare",
  "Remember Me": "Ține-mă minte",
  "Reset Password": "Resetare parolă",
  "Reset Password Notification": "Notificare resetare parolă",
  "Send Password Reset Link": "Trimite link-ul pentru resetarea parolei",
  "Server Error": "Eroare de server",
  "Service Unavailable": "Serviciu indisponibil",
  "This action is unauthorized.": "Această acțiune nu este permisă.",
  "This password reset link will expire in :count minutes.": "Acest link de resetare a parolei va expira în :count minute.",
  "Toggle navigation": "Comută navigarea",
  "Too Many Attempts.": "Prea multe încercări.",
  "Too Many Requests": "Prea multe cereri",
  "Unauthorized": "Nepermis",
  "Verify Email Address": "Verificare adresă de e-mail",
  "Verify Your Email Address": "Verificați-vă adresa de e-mail",
  "We won't ask for your password again for a few hours.": "Nu vă vom mai solicita adresa de e-mail pentru câteva ore",
  "You are receiving this email because we received a password reset request for your account.": "Primiți acest mesaj pentru că a fost înregistrată o solicitare de resetare a parolei pentru contul asociat acestei adrese de e-mail.",
  "Your email address is not verified.": "Adresa dvs. de e-mail nu este verificată.",
  "Whoops!": "Oops!"
}
